name,password,email,address,zipcode
Angy Puddicombe,test,apuddicombe0@nytimes.com,32688 Harper Hill,20337
Pietro Chung,test,pchung1@gravatar.com,6 Westridge Way,31205
Mela Bachman,test,mbachman2@weebly.com,1 Esker Park,95194
Hurleigh Loyndon,test,hloyndon3@reverbnation.com,3 Holy Cross Place,20436
Zorah Prickett,test,zprickett4@thetimes.co.uk,7834 Everett Parkway,89115
Dorothee Garbott,test,dgarbott5@wufoo.com,769 Jay Lane,93773
Kipp Treamayne,test,ktreamayne6@jalbum.net,066 Summer Ridge Road,87592
Gilberta Wetton,test,gwetton7@loc.gov,95241 8th Court,95210
Ari Kenright,test,akenright8@loc.gov,69 Lunder Road,43210
Jillie Muckeen,test,jmuckeen9@bloomberg.com,7 Debra Parkway,72118
Andrus Quinevan,test,aquinevana@cyberchimps.com,72 Mitchell Drive,06183
Bernette Mussard,test,bmussardb@altervista.org,9604 Acker Park,02162
Laurens Shearsby,test,lshearsbyc@furl.net,06 Nelson Trail,74116
Krystalle Smitton,test,ksmittond@scribd.com,524 Oneill Road,20189
Margie Bondar,test,mbondare@addtoany.com,529 High Crossing Way,11499
Odele Knifton,test,okniftonf@senate.gov,95186 Express Road,32627
Christan Remer,test,cremerg@washingtonpost.com,57379 Declaration Parkway,74116
Hobard Graeser,test,hgraeserh@pagesperso-orange.fr,03669 Golf Course Park,79977
Bancroft Wardel,test,bwardeli@dell.com,69 Ruskin Pass,78726
Bobinette McCullough,test,bmcculloughj@patch.com,4 Autumn Leaf Alley,74103
Arny Winscum,test,awinscumk@examiner.com,8944 Lighthouse Bay Parkway,39216
Perice Fairbanks,test,pfairbanksl@cdbaby.com,6 Acker Junction,33499
Harp Arthan,test,harthanm@furl.net,4588 Milwaukee Way,20238
Nap Mandell,test,nmandelln@mtv.com,7 Hagan Way,43231
Willey Ciobutaru,test,wciobutaruo@rediff.com,37160 Petterle Parkway,17622
Dolly Flacknell,test,dflacknellp@ocn.ne.jp,4028 Laurel Hill,40225
Kirbie Manuele,test,kmanueleq@geocities.com,26309 Bartillon Way,78410
Estevan Tolomei,test,etolomeir@go.com,54387 Talmadge Park,97296
Sayers Wike,test,swikes@prlog.org,0 Mandrake Point,95833
Misty Carslake,test,mcarslaket@auda.org.au,3554 Spohn Park,57105
